parameter,observed_diff,p_value
par1,-0.1603542028445637,0.4531
par2,0.385224625743505,0.2643
par3,-0.030746821318223466,0.7725
